area,x coord,y coord,value,type,historical,sample area,__x__,__y__,route_order,segment,route_order_old,detonation_radius_m,detonation_ring_order
Detonation site,161.623,189.213,,Perimeter,,,161.623,189.213,1,Detonation site,1,248.8444363,1
Detonation site,130.2482,212.4879,,Perimeter,,,130.2482,212.4879,2,Detonation site,2,249.2302174,1
Detonation site,95.6709,230.9699,,Perimeter,,,95.6709,230.9699,3,Detonation site,3,250.0000316,1
Detonation site,58.1522,242.351,,Perimeter,,,58.1522,242.351,4,Detonation site,4,249.2301859,1
Detonation site,19.509,248.0785,,Perimeter,,,19.509,248.0785,5,Detonation site,5,248.8444157,1
Detonation site,-19.509,248.0785,,Perimeter,,,-19.509,248.0785,6,Detonation site,6,248.8444157,1
Detonation site,-58.1522,242.351,,Perimeter,,,-58.1522,242.351,7,Detonation site,7,249.2301859,1
Detonation site,-95.6709,230.9699,,Perimeter,,,-95.6709,230.9699,8,Detonation site,8,250.0000316,1
Detonation site,-130.2482,212.4879,,Perimeter,,,-130.2482,212.4879,9,Detonation site,9,249.2302174,1
Detonation site,-161.623,189.213,,Perimeter,,,-161.623,189.213,10,Detonation site,10,248.8444363,1
Detonation site,-189.213,161.623,,Perimeter,,,-189.213,161.623,11,Detonation site,11,248.8444363,1
Detonation site,-212.4879,130.2482,,Perimeter,,,-212.4879,130.2482,12,Detonation site,12,249.2302174,1
Detonation site,-230.9699,95.6709,,Perimeter,,,-230.9699,95.6709,13,Detonation site,13,250.0000316,1
Detonation site,-242.351,58.1522,,Perimeter,,,-242.351,58.1522,14,Detonation site,14,249.2301859,1
Detonation site,-248.0785,19.509,,Perimeter,,,-248.0785,19.509,15,Detonation site,15,248.8444157,1
Detonation site,-248.0785,-19.509,,Perimeter,,,-248.0785,-19.509,16,Detonation site,16,248.8444157,1
Detonation site,-242.351,-58.1522,,Perimeter,,,-242.351,-58.1522,17,Detonation site,17,249.2301859,1
Detonation site,-230.9699,-95.6709,,Perimeter,,,-230.9699,-95.6709,18,Detonation site,18,250.0000316,1
Detonation site,-212.4879,-130.2482,,Perimeter,,,-212.4879,-130.2482,19,Detonation site,19,249.2302174,1
Detonation site,-189.213,-161.623,,Perimeter,,,-189.213,-161.623,20,Detonation site,20,248.8444363,1
Detonation site,-161.623,-189.213,,Perimeter,,,-161.623,-189.213,21,Detonation site,21,248.8444363,1
Detonation site,-130.2482,-212.4879,,Perimeter,,,-130.2482,-212.4879,22,Detonation site,22,249.2302174,1
Detonation site,-95.6709,-230.9699,,Perimeter,,,-95.6709,-230.9699,23,Detonation site,23,250.0000316,1
Detonation site,-58.1522,-242.351,,Perimeter,,,-58.1522,-242.351,24,Detonation site,24,249.2301859,1
Detonation site,-19.509,-248.0785,,Perimeter,,,-19.509,-248.0785,25,Detonation site,25,248.8444157,1
Detonation site,19.509,-248.0785,,Perimeter,,,19.509,-248.0785,26,Detonation site,26,248.8444157,1
Detonation site,58.1522,-242.351,,Perimeter,,,58.1522,-242.351,27,Detonation site,27,249.2301859,1
Detonation site,95.6709,-230.9699,,Perimeter,,,95.6709,-230.9699,28,Detonation site,28,250.0000316,1
Detonation site,130.2482,-212.4879,,Perimeter,,,130.2482,-212.4879,29,Detonation site,29,249.2302174,1
Detonation site,161.623,-189.213,,Perimeter,,,161.623,-189.213,30,Detonation site,30,248.8444363,1
Detonation site,189.213,-161.623,,Perimeter,,,189.213,-161.623,31,Detonation site,31,248.8444363,1
Detonation site,212.4879,-130.2482,,Perimeter,,,212.4879,-130.2482,32,Detonation site,32,249.2302174,1
Detonation site,230.9699,-95.6709,,Perimeter,,,230.9699,-95.6709,33,Detonation site,33,250.0000316,1
Detonation site,242.351,-58.1522,,Perimeter,,,242.351,-58.1522,34,Detonation site,34,249.2301859,1
Detonation site,248.0785,-19.509,,Perimeter,,,248.0785,-19.509,35,Detonation site,35,248.8444157,1
Detonation site,248.0785,19.509,,Perimeter,,,248.0785,19.509,36,Detonation site,36,248.8444157,1
Detonation site,242.351,58.1522,,Perimeter,,,242.351,58.1522,37,Detonation site,37,249.2301859,1
Detonation site,230.9699,95.6709,,Perimeter,,,230.9699,95.6709,38,Detonation site,38,250.0000316,1
Detonation site,212.4879,130.2482,,Perimeter,,,212.4879,130.2482,39,Detonation site,39,249.2302174,1
Detonation site,189.213,161.623,,Perimeter,,,189.213,161.623,40,Detonation site,40,248.8444363,1
Detonation site,152.4957,137.3396,,Perimeter,,,152.4957,137.3396,41,Detonation site,41,205.2245216,2
Detonation site,120.6908,166.159,,Perimeter,,,120.6908,166.159,42,Detonation site,42,205.3657286,2
Detonation site,83.5814,187.781,,Perimeter,,,83.5814,187.781,43,Detonation site,43,205.5420988,2
Detonation site,42.7649,201.2603,,Perimeter,,,42.7649,201.2603,44,Detonation site,44,205.7536027,2
Detonation site,0,206,,Perimeter,,,0,206,45,Detonation site,45,206,2
Detonation site,-42.7649,201.2603,,Perimeter,,,-42.7649,201.2603,46,Detonation site,46,205.7536027,2
Detonation site,-83.5814,187.781,,Perimeter,,,-83.5814,187.781,47,Detonation site,47,205.5420988,2
Detonation site,-120.6908,166.159,,Perimeter,,,-120.6908,166.159,48,Detonation site,48,205.3657286,2
Detonation site,-152.4957,137.3396,,Perimeter,,,-152.4957,137.3396,49,Detonation site,49,205.2245216,2
Detonation site,-177.6282,102.5759,,Perimeter,,,-177.6282,102.5759,50,Detonation site,50,205.1184845,2
Detonation site,-195.0082,63.3751,,Perimeter,,,-195.0082,63.3751,51,Detonation site,51,205.0478026,2
Detonation site,-203.8889,21.4339,,Perimeter,,,-203.8889,21.4339,52,Detonation site,52,205.0124279,2
Detonation site,-203.8889,-21.4339,,Perimeter,,,-203.8889,-21.4339,53,Detonation site,53,205.0124279,2
Detonation site,-195.0082,-63.3751,,Perimeter,,,-195.0082,-63.3751,54,Detonation site,54,205.0478026,2
Detonation site,-177.6282,-102.5759,,Perimeter,,,-177.6282,-102.5759,55,Detonation site,55,205.1184845,2
Detonation site,-152.4957,-137.3396,,Perimeter,,,-152.4957,-137.3396,56,Detonation site,56,205.2245216,2
Detonation site,-120.6908,-166.159,,Perimeter,,,-120.6908,-166.159,57,Detonation site,57,205.3657286,2
Detonation site,-83.5814,-187.781,,Perimeter,,,-83.5814,-187.781,58,Detonation site,58,205.5420988,2
Detonation site,-42.7649,-201.2603,,Perimeter,,,-42.7649,-201.2603,59,Detonation site,59,205.7536027,2
Detonation site,0,-206,,Perimeter,,,0,-206,60,Detonation site,60,206,2
Detonation site,42.7649,-201.2603,,Perimeter,,,42.7649,-201.2603,61,Detonation site,61,205.7536027,2
Detonation site,83.5814,-187.781,,Perimeter,,,83.5814,-187.781,62,Detonation site,62,205.5420988,2
Detonation site,120.6908,-166.159,,Perimeter,,,120.6908,-166.159,63,Detonation site,63,205.3657286,2
Detonation site,152.4957,-137.3396,,Perimeter,,,152.4957,-137.3396,64,Detonation site,64,205.2245216,2
Detonation site,177.6282,-102.5759,,Perimeter,,,177.6282,-102.5759,65,Detonation site,65,205.1184845,2
Detonation site,195.0082,-63.3751,,Perimeter,,,195.0082,-63.3751,66,Detonation site,66,205.0478026,2
Detonation site,203.8889,-21.4339,,Perimeter,,,203.8889,-21.4339,67,Detonation site,67,205.0124279,2
Detonation site,203.8889,21.4339,,Perimeter,,,203.8889,21.4339,68,Detonation site,68,205.0124279,2
Detonation site,195.0082,63.3751,,Perimeter,,,195.0082,63.3751,69,Detonation site,69,205.0478026,2
Detonation site,177.6282,102.5759,,Perimeter,,,177.6282,102.5759,70,Detonation site,70,205.1184845,2
Detonation site,102.7678,124.2218,,Perimeter,,,102.7678,124.2218,71,Detonation site,71,161.221203,3
Detonation site,68.7166,146.0756,,Perimeter,,,68.7166,146.0756,72,Detonation site,72,161.431261,3
Detonation site,30.3404,159.0117,,Perimeter,,,30.3404,159.0117,73,Detonation site,73,161.8803898,3
Detonation site,-10.1135,161.0039,,Perimeter,,,-10.1135,161.0039,74,Detonation site,74,161.3212283,3
Detonation site,-49.8387,153.356,,Perimeter,,,-49.8387,153.356,75,Detonation site,75,161.2512287,3
Detonation site,-86.6415,136.4945,,Perimeter,,,-86.6415,136.4945,76,Detonation site,76,161.6709561,3
Detonation site,-117.7748,110.6235,,Perimeter,,,-117.7748,110.6235,77,Detonation site,77,161.5811322,3
Detonation site,-141.2851,77.679,,Perimeter,,,-141.2851,77.679,78,Detonation site,78,161.2312207,3
Detonation site,-156.306,40.1139,,Perimeter,,,-156.306,40.1139,79,Detonation site,79,161.3712819,3
Detonation site,-162,0,,Perimeter,,,-162,0,80,Detonation site,80,162,3
Detonation site,-156.306,-40.1139,,Perimeter,,,-156.306,-40.1139,81,Detonation site,81,161.3712819,3
Detonation site,-141.2851,-77.679,,Perimeter,,,-141.2851,-77.679,82,Detonation site,82,161.2312207,3
Detonation site,-117.7748,-110.6235,,Perimeter,,,-117.7748,-110.6235,83,Detonation site,83,161.5811322,3
Detonation site,-86.6415,-136.4945,,Perimeter,,,-86.6415,-136.4945,84,Detonation site,84,161.6709561,3
Detonation site,-49.8387,-153.356,,Perimeter,,,-49.8387,-153.356,85,Detonation site,85,161.2512287,3
Detonation site,-10.1135,-161.0039,,Perimeter,,,-10.1135,-161.0039,86,Detonation site,86,161.3212283,3
Detonation site,30.3404,-159.0117,,Perimeter,,,30.3404,-159.0117,87,Detonation site,87,161.8803898,3
Detonation site,68.7166,-146.0756,,Perimeter,,,68.7166,-146.0756,88,Detonation site,88,161.431261,3
Detonation site,102.7678,-124.2218,,Perimeter,,,102.7678,-124.2218,89,Detonation site,89,161.221203,3
Detonation site,130.6687,-94.9122,,Perimeter,,,130.6687,-94.9122,90,Detonation site,90,161.5011915,3
Detonation site,150.406,-59.5635,,Perimeter,,,150.406,-59.5635,91,Detonation site,91,161.7707494,3
Detonation site,160.0078,-20.227,,Perimeter,,,160.0078,-20.227,92,Detonation site,92,161.2812066,3
Detonation site,160.0078,20.227,,Perimeter,,,160.0078,20.227,93,Detonation site,93,161.2812066,3
Detonation site,150.406,59.5635,,Perimeter,,,150.406,59.5635,94,Detonation site,94,161.7707494,3
Detonation site,130.6687,94.9122,,Perimeter,,,130.6687,94.9122,95,Detonation site,95,161.5011915,3
Detonation site,83.4386,83.4386,,Perimeter,,,83.4386,83.4386,96,Detonation site,96,117.9999997,4
Detonation site,53.3169,104.656,,Perimeter,,,53.3169,104.656,97,Detonation site,97,117.4545451,4
Detonation site,18.4165,116.1861,,Perimeter,,,18.4165,116.1861,98,Detonation site,98,117.6366325,4
Detonation site,-18.4165,116.1861,,Perimeter,,,-18.4165,116.1861,99,Detonation site,99,117.6366325,4
Detonation site,-53.3169,104.656,,Perimeter,,,-53.3169,104.656,100,Detonation site,100,117.4545451,4
Detonation site,-83.4386,83.4386,,Perimeter,,,-83.4386,83.4386,101,Detonation site,101,117.9999997,4
Detonation site,-104.656,53.3169,,Perimeter,,,-104.656,53.3169,102,Detonation site,102,117.4545451,4
Detonation site,-116.1861,18.4165,,Perimeter,,,-116.1861,18.4165,103,Detonation site,103,117.6366325,4
Detonation site,-116.1861,-18.4165,,Perimeter,,,-116.1861,-18.4165,104,Detonation site,104,117.6366325,4
Detonation site,-104.656,-53.3169,,Perimeter,,,-104.656,-53.3169,105,Detonation site,105,117.4545451,4
Detonation site,-83.4386,-83.4386,,Perimeter,,,-83.4386,-83.4386,106,Detonation site,106,117.9999997,4
Detonation site,-53.3169,-104.656,,Perimeter,,,-53.3169,-104.656,107,Detonation site,107,117.4545451,4
Detonation site,-18.4165,-116.1861,,Perimeter,,,-18.4165,-116.1861,108,Detonation site,108,117.6366325,4
Detonation site,18.4165,-116.1861,,Perimeter,,,18.4165,-116.1861,109,Detonation site,109,117.6366325,4
Detonation site,53.3169,-104.656,,Perimeter,,,53.3169,-104.656,110,Detonation site,110,117.4545451,4
Detonation site,83.4386,-83.4386,,Perimeter,,,83.4386,-83.4386,111,Detonation site,111,117.9999997,4
Detonation site,104.656,-53.3169,,Perimeter,,,104.656,-53.3169,112,Detonation site,112,117.4545451,4
Detonation site,116.1861,-18.4165,,Perimeter,,,116.1861,-18.4165,113,Detonation site,113,117.6366325,4
Detonation site,116.1861,18.4165,,Perimeter,,,116.1861,18.4165,114,Detonation site,114,117.6366325,4
Detonation site,104.656,53.3169,,Perimeter,,,104.656,53.3169,115,Detonation site,115,117.4545451,4
Detonation site,59.6882,43.3549,,Perimeter,,,59.6882,43.3549,116,Detonation site,116,73.77213955,5
Detonation site,36.8477,63.8082,,Perimeter,,,36.8477,63.8082,117,Detonation site,117,73.6833725,5
Detonation site,7.6996,73.2417,,Perimeter,,,7.6996,73.2417,118,Detonation site,118,73.64530168,5
Detonation site,-22.7658,70.0515,,Perimeter,,,-22.7658,70.0515,119,Detonation site,119,73.65795478,5
Detonation site,-49.3356,54.78,,Perimeter,,,-49.3356,54.78,120,Detonation site,120,73.72143398,5
Detonation site,-67.4553,30.0244,,Perimeter,,,-67.4553,30.0244,121,Detonation site,121,73.835507,5
Detonation site,-74,0,,Perimeter,,,-74,0,122,Detonation site,122,74,5
Detonation site,-67.4553,-30.0244,,Perimeter,,,-67.4553,-30.0244,123,Detonation site,123,73.835507,5
Detonation site,-49.3356,-54.78,,Perimeter,,,-49.3356,-54.78,124,Detonation site,124,73.72143398,5
Detonation site,-22.7658,-70.0515,,Perimeter,,,-22.7658,-70.0515,125,Detonation site,125,73.65795478,5
Detonation site,7.6996,-73.2417,,Perimeter,,,7.6996,-73.2417,126,Detonation site,126,73.64530168,5
Detonation site,36.8477,-63.8082,,Perimeter,,,36.8477,-63.8082,127,Detonation site,127,73.6833725,5
Detonation site,59.6882,-43.3549,,Perimeter,,,59.6882,-43.3549,128,Detonation site,128,73.77213955,5
Detonation site,72.2974,-15.3621,,Perimeter,,,72.2974,-15.3621,129,Detonation site,129,73.91148871,5
Detonation site,72.2974,15.3621,,Perimeter,,,72.2974,15.3621,130,Detonation site,130,73.91148871,5
Detonation site,24.1979,17.5763,,Perimeter,,,24.1979,17.5763,131,Detonation site,131,29.90760248,6
Detonation site,-9.2294,28.3993,,Perimeter,,,-9.2294,28.3993,132,Detonation site,132,29.86138083,6
Detonation site,-30,0,,Perimeter,,,-30,0,133,Detonation site,133,30,6
Detonation site,-9.2294,-28.3993,,Perimeter,,,-9.2294,-28.3993,134,Detonation site,134,29.86138083,6
Detonation site,24.1979,-17.5763,,Perimeter,,,24.1979,-17.5763,135,Detonation site,135,29.90760248,6
phase 2,-479.2839,91.9258,,Systematic,,,-479.2839,91.9258,136,phase 2,136,,
phase 2,-479.2839,10.266,,Systematic,,,-479.2839,10.266,137,phase 2,137,,
phase 2,-479.2839,-71.3937,,Systematic,,,-479.2839,-71.3937,138,phase 2,138,,
phase 2,-455.7108,-193.8834,,Systematic,,,-455.7108,-193.8834,139,phase 2,139,,
phase 2,-455.7108,-112.2236,,Systematic,,,-455.7108,-112.2236,140,phase 2,140,,
phase 2,-455.7108,-30.5639,,Systematic,,,-455.7108,-30.5639,141,phase 2,141,,
phase 2,-455.7108,51.0959,,Systematic,,,-455.7108,51.0959,142,phase 2,142,,
phase 2,-455.7108,132.7557,,Systematic,,,-455.7108,132.7557,143,phase 2,143,,
phase 2,-432.1376,173.5856,,Systematic,,,-432.1376,173.5856,144,phase 2,144,,
phase 2,-432.1376,91.9258,,Systematic,,,-432.1376,91.9258,145,phase 2,145,,
phase 2,-432.1376,10.266,,Systematic,,,-432.1376,10.266,146,phase 2,146,,
phase 2,-432.1376,-71.3937,,Systematic,,,-432.1376,-71.3937,147,phase 2,147,,
phase 2,-432.1376,-153.0535,,Systematic,,,-432.1376,-153.0535,148,phase 2,148,,
phase 2,-432.1376,-234.7133,,Systematic,,,-432.1376,-234.7133,149,phase 2,149,,
phase 2,-408.5645,-275.5432,,Systematic,,,-408.5645,-275.5432,150,phase 2,150,,
phase 2,-408.5645,-193.8834,,Systematic,,,-408.5645,-193.8834,151,phase 2,151,,
phase 2,-408.5645,-112.2236,,Systematic,,,-408.5645,-112.2236,152,phase 2,152,,
phase 2,-408.5645,-30.5639,,Systematic,,,-408.5645,-30.5639,153,phase 2,153,,
phase 2,-408.5645,51.0959,,Systematic,,,-408.5645,51.0959,154,phase 2,154,,
phase 2,-408.5645,132.7557,,Systematic,,,-408.5645,132.7557,155,phase 2,155,,
phase 2,-408.5645,214.4155,,Systematic,,,-408.5645,214.4155,156,phase 2,156,,
phase 2,-384.9913,255.2454,,Systematic,,,-384.9913,255.2454,157,phase 2,157,,
phase 2,-384.9913,173.5856,,Systematic,,,-384.9913,173.5856,158,phase 2,158,,
phase 2,-384.9913,91.9258,,Systematic,,,-384.9913,91.9258,159,phase 2,159,,
phase 2,-384.9913,10.266,,Systematic,,,-384.9913,10.266,160,phase 2,160,,
phase 2,-384.9913,-71.3937,,Systematic,,,-384.9913,-71.3937,161,phase 2,161,,
phase 2,-384.9913,-153.0535,,Systematic,,,-384.9913,-153.0535,162,phase 2,162,,
phase 2,-384.9913,-234.7133,,Systematic,,,-384.9913,-234.7133,163,phase 2,163,,
phase 2,-361.4182,-275.5432,,Systematic,,,-361.4182,-275.5432,164,phase 2,164,,
phase 2,-361.4182,-193.8834,,Systematic,,,-361.4182,-193.8834,165,phase 2,165,,
phase 2,-361.4182,-112.2236,,Systematic,,,-361.4182,-112.2236,166,phase 2,166,,
phase 2,-361.4182,-30.5639,,Systematic,,,-361.4182,-30.5639,167,phase 2,167,,
phase 2,-361.4182,51.0959,,Systematic,,,-361.4182,51.0959,168,phase 2,168,,
phase 2,-361.4182,132.7557,,Systematic,,,-361.4182,132.7557,169,phase 2,169,,
phase 2,-361.4182,214.4155,,Systematic,,,-361.4182,214.4155,170,phase 2,170,,
phase 2,-361.4182,296.0752,,Systematic,,,-361.4182,296.0752,171,phase 2,171,,
phase 2,-337.845,336.9051,,Systematic,,,-337.845,336.9051,172,phase 2,172,,
phase 2,-337.845,255.2454,,Systematic,,,-337.845,255.2454,173,phase 2,173,,
phase 2,-337.845,173.5856,,Systematic,,,-337.845,173.5856,174,phase 2,174,,
phase 2,-337.845,91.9258,,Systematic,,,-337.845,91.9258,175,phase 2,175,,
phase 2,-337.845,10.266,,Systematic,,,-337.845,10.266,176,phase 2,176,,
phase 2,-337.845,-71.3937,,Systematic,,,-337.845,-71.3937,177,phase 2,177,,
phase 2,-337.845,-153.0535,,Systematic,,,-337.845,-153.0535,178,phase 2,178,,
phase 2,-337.845,-234.7133,,Systematic,,,-337.845,-234.7133,179,phase 2,179,,
phase 2,-337.845,-316.3731,,Systematic,,,-337.845,-316.3731,180,phase 2,180,,
phase 2,-314.2719,-357.203,,Systematic,,,-314.2719,-357.203,181,phase 2,181,,
phase 2,-314.2719,-275.5432,,Systematic,,,-314.2719,-275.5432,182,phase 2,182,,
phase 2,-314.2719,-193.8834,,Systematic,,,-314.2719,-193.8834,183,phase 2,183,,
phase 2,-314.2719,-112.2236,,Systematic,,,-314.2719,-112.2236,184,phase 2,184,,
phase 2,-314.2719,-30.5639,,Systematic,,,-314.2719,-30.5639,185,phase 2,185,,
phase 2,-314.2719,51.0959,,Systematic,,,-314.2719,51.0959,186,phase 2,186,,
phase 2,-314.2719,132.7557,,Systematic,,,-314.2719,132.7557,187,phase 2,187,,
phase 2,-314.2719,214.4155,,Systematic,,,-314.2719,214.4155,188,phase 2,188,,
phase 2,-314.2719,296.0752,,Systematic,,,-314.2719,296.0752,189,phase 2,189,,
phase 2,-314.2719,377.735,,Systematic,,,-314.2719,377.735,190,phase 2,190,,
phase 2,-290.6987,336.9051,,Systematic,,,-290.6987,336.9051,191,phase 2,191,,
phase 2,-290.6987,255.2454,,Systematic,,,-290.6987,255.2454,192,phase 2,192,,
phase 2,-290.6987,173.5856,,Systematic,,,-290.6987,173.5856,193,phase 2,193,,
phase 2,-290.6987,91.9258,,Systematic,,,-290.6987,91.9258,194,phase 2,194,,
phase 2,-290.6987,10.266,,Systematic,,,-290.6987,10.266,195,phase 2,195,,
phase 2,-290.6987,-71.3937,,Systematic,,,-290.6987,-71.3937,196,phase 2,196,,
phase 2,-290.6987,-153.0535,,Systematic,,,-290.6987,-153.0535,197,phase 2,197,,
phase 2,-290.6987,-234.7133,,Systematic,,,-290.6987,-234.7133,198,phase 2,198,,
phase 2,-290.6987,-316.3731,,Systematic,,,-290.6987,-316.3731,199,phase 2,199,,
phase 2,-290.6987,-398.0329,,Systematic,,,-290.6987,-398.0329,200,phase 2,200,,
phase 2,-267.1256,-357.203,,Systematic,,,-267.1256,-357.203,201,phase 2,201,,
phase 2,-267.1256,-275.5432,,Systematic,,,-267.1256,-275.5432,202,phase 2,202,,
phase 2,-267.1256,-193.8834,,Systematic,,,-267.1256,-193.8834,203,phase 2,203,,
phase 2,-267.1256,-112.2236,,Systematic,,,-267.1256,-112.2236,204,phase 2,204,,
phase 2,-267.1256,-30.5639,,Systematic,,,-267.1256,-30.5639,205,phase 2,205,,
phase 2,-267.1256,51.0959,,Systematic,,,-267.1256,51.0959,206,phase 2,206,,
phase 2,-267.1256,132.7557,,Systematic,,,-267.1256,132.7557,207,phase 2,207,,
phase 2,-267.1256,214.4155,,Systematic,,,-267.1256,214.4155,208,phase 2,208,,
phase 2,-267.1256,296.0752,,Systematic,,,-267.1256,296.0752,209,phase 2,209,,
phase 2,-267.1256,377.735,,Systematic,,,-267.1256,377.735,210,phase 2,210,,
phase 2,-243.5524,418.5649,,Systematic,,,-243.5524,418.5649,211,phase 2,211,,
phase 2,-243.5524,336.9051,,Systematic,,,-243.5524,336.9051,212,phase 2,212,,
phase 2,-243.5524,255.2454,,Systematic,,,-243.5524,255.2454,213,phase 2,213,,
phase 2,-243.5524,173.5856,,Systematic,,,-243.5524,173.5856,214,phase 2,214,,
phase 2,-243.5524,-153.0535,,Systematic,,,-243.5524,-153.0535,215,phase 2,215,,
phase 2,-243.5524,-234.7133,,Systematic,,,-243.5524,-234.7133,216,phase 2,216,,
phase 2,-243.5524,-316.3731,,Systematic,,,-243.5524,-316.3731,217,phase 2,217,,
phase 2,-243.5524,-398.0329,,Systematic,,,-243.5524,-398.0329,218,phase 2,218,,
phase 2,-219.9793,-438.8627,,Systematic,,,-219.9793,-438.8627,219,phase 2,219,,
phase 2,-219.9793,-357.203,,Systematic,,,-219.9793,-357.203,220,phase 2,220,,
phase 2,-219.9793,-275.5432,,Systematic,,,-219.9793,-275.5432,221,phase 2,221,,
phase 2,-219.9793,-193.8834,,Systematic,,,-219.9793,-193.8834,222,phase 2,222,,
phase 2,-219.9793,214.4155,,Systematic,,,-219.9793,214.4155,223,phase 2,223,,
phase 2,-219.9793,296.0752,,Systematic,,,-219.9793,296.0752,224,phase 2,224,,
phase 2,-219.9793,377.735,,Systematic,,,-219.9793,377.735,225,phase 2,225,,
phase 2,-196.4062,418.5649,,Systematic,,,-196.4062,418.5649,226,phase 2,226,,
phase 2,-196.4062,336.9051,,Systematic,,,-196.4062,336.9051,227,phase 2,227,,
phase 2,-196.4062,255.2454,,Systematic,,,-196.4062,255.2454,228,phase 2,228,,
phase 2,-196.4062,-234.7133,,Systematic,,,-196.4062,-234.7133,229,phase 2,229,,
phase 2,-196.4062,-316.3731,,Systematic,,,-196.4062,-316.3731,230,phase 2,230,,
phase 2,-196.4062,-398.0329,,Systematic,,,-196.4062,-398.0329,231,phase 2,231,,
phase 2,-172.833,-438.8627,,Systematic,,,-172.833,-438.8627,232,phase 2,232,,
phase 2,-172.833,-357.203,,Systematic,,,-172.833,-357.203,233,phase 2,233,,
phase 2,-172.833,-275.5432,,Systematic,,,-172.833,-275.5432,234,phase 2,234,,
phase 2,-172.833,214.4155,,Systematic,,,-172.833,214.4155,235,phase 2,235,,
phase 2,-172.833,296.0752,,Systematic,,,-172.833,296.0752,236,phase 2,236,,
phase 2,-172.833,377.735,,Systematic,,,-172.833,377.735,237,phase 2,237,,
phase 2,-172.833,459.3948,,Systematic,,,-172.833,459.3948,238,phase 2,238,,
phase 2,-149.2599,418.5649,,Systematic,,,-149.2599,418.5649,239,phase 2,239,,
phase 2,-149.2599,336.9051,,Systematic,,,-149.2599,336.9051,240,phase 2,240,,
phase 2,-149.2599,255.2454,,Systematic,,,-149.2599,255.2454,241,phase 2,241,,
phase 2,-149.2599,-234.7133,,Systematic,,,-149.2599,-234.7133,242,phase 2,242,,
phase 2,-149.2599,-316.3731,,Systematic,,,-149.2599,-316.3731,243,phase 2,243,,
phase 2,-149.2599,-398.0329,,Systematic,,,-149.2599,-398.0329,244,phase 2,244,,
phase 2,-125.6867,-438.8627,,Systematic,,,-125.6867,-438.8627,245,phase 2,245,,
phase 2,-125.6867,-357.203,,Systematic,,,-125.6867,-357.203,246,phase 2,246,,
phase 2,-125.6867,-275.5432,,Systematic,,,-125.6867,-275.5432,247,phase 2,247,,
phase 2,-125.6867,296.0752,,Systematic,,,-125.6867,296.0752,248,phase 2,248,,
phase 2,-125.6867,377.735,,Systematic,,,-125.6867,377.735,249,phase 2,249,,
phase 2,-125.6867,459.3948,,Systematic,,,-125.6867,459.3948,250,phase 2,250,,
phase 2,-102.1136,418.5649,,Systematic,,,-102.1136,418.5649,251,phase 2,251,,
phase 2,-102.1136,336.9051,,Systematic,,,-102.1136,336.9051,252,phase 2,252,,
phase 2,-102.1136,255.2454,,Systematic,,,-102.1136,255.2454,253,phase 2,253,,
phase 2,-102.1136,-316.3731,,Systematic,,,-102.1136,-316.3731,254,phase 2,254,,
phase 2,-102.1136,-398.0329,,Systematic,,,-102.1136,-398.0329,255,phase 2,255,,
phase 2,-102.1136,-479.6926,,Systematic,,,-102.1136,-479.6926,256,phase 2,256,,
phase 2,-78.5404,-438.8627,,Systematic,,,-78.5404,-438.8627,257,phase 2,257,,
phase 2,-78.5404,-357.203,,Systematic,,,-78.5404,-357.203,258,phase 2,258,,
phase 2,-78.5404,-275.5432,,Systematic,,,-78.5404,-275.5432,259,phase 2,259,,
phase 2,-78.5404,296.0752,,Systematic,,,-78.5404,296.0752,260,phase 2,260,,
phase 2,-78.5404,377.735,,Systematic,,,-78.5404,377.735,261,phase 2,261,,
phase 2,-78.5404,459.3948,,Systematic,,,-78.5404,459.3948,262,phase 2,262,,
phase 2,-54.9673,418.5649,,Systematic,,,-54.9673,418.5649,263,phase 2,263,,
phase 2,-54.9673,336.9051,,Systematic,,,-54.9673,336.9051,264,phase 2,264,,
phase 2,-54.9673,-316.3731,,Systematic,,,-54.9673,-316.3731,265,phase 2,265,,
phase 2,-54.9673,-398.0329,,Systematic,,,-54.9673,-398.0329,266,phase 2,266,,
phase 2,-54.9673,-479.6926,,Systematic,,,-54.9673,-479.6926,267,phase 2,267,,
phase 2,-31.3941,-438.8627,,Systematic,,,-31.3941,-438.8627,268,phase 2,268,,
phase 2,-31.3941,-357.203,,Systematic,,,-31.3941,-357.203,269,phase 2,269,,
phase 2,-31.3941,-275.5432,,Systematic,,,-31.3941,-275.5432,270,phase 2,270,,
phase 2,-31.3941,296.0752,,Systematic,,,-31.3941,296.0752,271,phase 2,271,,
phase 2,-31.3941,377.735,,Systematic,,,-31.3941,377.735,272,phase 2,272,,
phase 2,-31.3941,459.3948,,Systematic,,,-31.3941,459.3948,273,phase 2,273,,
phase 2,-7.821,418.5649,,Systematic,,,-7.821,418.5649,274,phase 2,274,,
phase 2,-7.821,336.9051,,Systematic,,,-7.821,336.9051,275,phase 2,275,,
phase 2,-7.821,-316.3731,,Systematic,,,-7.821,-316.3731,276,phase 2,276,,
phase 2,-7.821,-398.0329,,Systematic,,,-7.821,-398.0329,277,phase 2,277,,
phase 2,-7.821,-479.6926,,Systematic,,,-7.821,-479.6926,278,phase 2,278,,
phase 2,15.7522,-438.8627,,Systematic,,,15.7522,-438.8627,279,phase 2,279,,
phase 2,15.7522,-357.203,,Systematic,,,15.7522,-357.203,280,phase 2,280,,
phase 2,15.7522,-275.5432,,Systematic,,,15.7522,-275.5432,281,phase 2,281,,
phase 2,15.7522,296.0752,,Systematic,,,15.7522,296.0752,282,phase 2,282,,
phase 2,15.7522,377.735,,Systematic,,,15.7522,377.735,283,phase 2,283,,
phase 2,15.7522,459.3948,,Systematic,,,15.7522,459.3948,284,phase 2,284,,
phase 2,39.3253,418.5649,,Systematic,,,39.3253,418.5649,285,phase 2,285,,
phase 2,39.3253,336.9051,,Systematic,,,39.3253,336.9051,286,phase 2,286,,
phase 2,39.3253,-316.3731,,Systematic,,,39.3253,-316.3731,287,phase 2,287,,
phase 2,39.3253,-398.0329,,Systematic,,,39.3253,-398.0329,288,phase 2,288,,
phase 2,39.3253,-479.6926,,Systematic,,,39.3253,-479.6926,289,phase 2,289,,
phase 2,62.8985,-438.8627,,Systematic,,,62.8985,-438.8627,290,phase 2,290,,
phase 2,62.8985,-357.203,,Systematic,,,62.8985,-357.203,291,phase 2,291,,
phase 2,62.8985,-275.5432,,Systematic,,,62.8985,-275.5432,292,phase 2,292,,
phase 2,62.8985,296.0752,,Systematic,,,62.8985,296.0752,293,phase 2,293,,
phase 2,62.8985,377.735,,Systematic,,,62.8985,377.735,294,phase 2,294,,
phase 2,62.8985,459.3948,,Systematic,,,62.8985,459.3948,295,phase 2,295,,
phase 2,86.4716,418.5649,,Systematic,,,86.4716,418.5649,296,phase 2,296,,
phase 2,86.4716,336.9051,,Systematic,,,86.4716,336.9051,297,phase 2,297,,
phase 2,86.4716,255.2454,,Systematic,,,86.4716,255.2454,298,phase 2,298,,
phase 2,86.4716,-316.3731,,Systematic,,,86.4716,-316.3731,299,phase 2,299,,
phase 2,86.4716,-398.0329,,Systematic,,,86.4716,-398.0329,300,phase 2,300,,
phase 2,86.4716,-479.6926,,Systematic,,,86.4716,-479.6926,301,phase 2,301,,
phase 2,110.0448,-438.8627,,Systematic,,,110.0448,-438.8627,302,phase 2,302,,
phase 2,110.0448,-357.203,,Systematic,,,110.0448,-357.203,303,phase 2,303,,
phase 2,110.0448,-275.5432,,Systematic,,,110.0448,-275.5432,304,phase 2,304,,
phase 2,110.0448,296.0752,,Systematic,,,110.0448,296.0752,305,phase 2,305,,
phase 2,110.0448,377.735,,Systematic,,,110.0448,377.735,306,phase 2,306,,
phase 2,110.0448,459.3948,,Systematic,,,110.0448,459.3948,307,phase 2,307,,
phase 2,133.6179,418.5649,,Systematic,,,133.6179,418.5649,308,phase 2,308,,
phase 2,133.6179,336.9051,,Systematic,,,133.6179,336.9051,309,phase 2,309,,
phase 2,133.6179,255.2454,,Systematic,,,133.6179,255.2454,310,phase 2,310,,
phase 2,133.6179,-234.7133,,Systematic,,,133.6179,-234.7133,311,phase 2,311,,
phase 2,133.6179,-316.3731,,Systematic,,,133.6179,-316.3731,312,phase 2,312,,
phase 2,133.6179,-398.0329,,Systematic,,,133.6179,-398.0329,313,phase 2,313,,
phase 2,157.191,-438.8627,,Systematic,,,157.191,-438.8627,314,phase 2,314,,
phase 2,157.191,-357.203,,Systematic,,,157.191,-357.203,315,phase 2,315,,
phase 2,157.191,-275.5432,,Systematic,,,157.191,-275.5432,316,phase 2,316,,
phase 2,157.191,214.4155,,Systematic,,,157.191,214.4155,317,phase 2,317,,
phase 2,157.191,296.0752,,Systematic,,,157.191,296.0752,318,phase 2,318,,
phase 2,157.191,377.735,,Systematic,,,157.191,377.735,319,phase 2,319,,
phase 2,157.191,459.3948,,Systematic,,,157.191,459.3948,320,phase 2,320,,
phase 2,180.7642,418.5649,,Systematic,,,180.7642,418.5649,321,phase 2,321,,
phase 2,180.7642,336.9051,,Systematic,,,180.7642,336.9051,322,phase 2,322,,
phase 2,180.7642,255.2454,,Systematic,,,180.7642,255.2454,323,phase 2,323,,
phase 2,180.7642,-234.7133,,Systematic,,,180.7642,-234.7133,324,phase 2,324,,
phase 2,180.7642,-316.3731,,Systematic,,,180.7642,-316.3731,325,phase 2,325,,
phase 2,180.7642,-398.0329,,Systematic,,,180.7642,-398.0329,326,phase 2,326,,
phase 2,204.3373,-438.8627,,Systematic,,,204.3373,-438.8627,327,phase 2,327,,
phase 2,204.3373,-357.203,,Systematic,,,204.3373,-357.203,328,phase 2,328,,
phase 2,204.3373,-275.5432,,Systematic,,,204.3373,-275.5432,329,phase 2,329,,
phase 2,204.3373,-193.8834,,Systematic,,,204.3373,-193.8834,330,phase 2,330,,
phase 2,204.3373,214.4155,,Systematic,,,204.3373,214.4155,331,phase 2,331,,
phase 2,204.3373,296.0752,,Systematic,,,204.3373,296.0752,332,phase 2,332,,
phase 2,204.3373,377.735,,Systematic,,,204.3373,377.735,333,phase 2,333,,
phase 2,227.9105,418.5649,,Systematic,,,227.9105,418.5649,334,phase 2,334,,
phase 2,227.9105,336.9051,,Systematic,,,227.9105,336.9051,335,phase 2,335,,
phase 2,227.9105,255.2454,,Systematic,,,227.9105,255.2454,336,phase 2,336,,
phase 2,227.9105,173.5856,,Systematic,,,227.9105,173.5856,337,phase 2,337,,
phase 2,227.9105,-153.0535,,Systematic,,,227.9105,-153.0535,338,phase 2,338,,
phase 2,227.9105,-234.7133,,Systematic,,,227.9105,-234.7133,339,phase 2,339,,
phase 2,227.9105,-316.3731,,Systematic,,,227.9105,-316.3731,340,phase 2,340,,
phase 2,227.9105,-398.0329,,Systematic,,,227.9105,-398.0329,341,phase 2,341,,
phase 2,251.4836,-357.203,,Systematic,,,251.4836,-357.203,342,phase 2,342,,
phase 2,251.4836,-275.5432,,Systematic,,,251.4836,-275.5432,343,phase 2,343,,
phase 2,251.4836,-193.8834,,Systematic,,,251.4836,-193.8834,344,phase 2,344,,
phase 2,251.4836,-112.2236,,Systematic,,,251.4836,-112.2236,345,phase 2,345,,
phase 2,251.4836,132.7557,,Systematic,,,251.4836,132.7557,346,phase 2,346,,
phase 2,251.4836,214.4155,,Systematic,,,251.4836,214.4155,347,phase 2,347,,
phase 2,251.4836,296.0752,,Systematic,,,251.4836,296.0752,348,phase 2,348,,
phase 2,251.4836,377.735,,Systematic,,,251.4836,377.735,349,phase 2,349,,
phase 2,275.0568,336.9051,,Systematic,,,275.0568,336.9051,350,phase 2,350,,
phase 2,275.0568,255.2454,,Systematic,,,275.0568,255.2454,351,phase 2,351,,
phase 2,275.0568,173.5856,,Systematic,,,275.0568,173.5856,352,phase 2,352,,
phase 2,275.0568,91.9258,,Systematic,,,275.0568,91.9258,353,phase 2,353,,
phase 2,275.0568,10.266,,Systematic,,,275.0568,10.266,354,phase 2,354,,
phase 2,275.0568,-71.3937,,Systematic,,,275.0568,-71.3937,355,phase 2,355,,
phase 2,275.0568,-153.0535,,Systematic,,,275.0568,-153.0535,356,phase 2,356,,
phase 2,275.0568,-234.7133,,Systematic,,,275.0568,-234.7133,357,phase 2,357,,
phase 2,275.0568,-316.3731,,Systematic,,,275.0568,-316.3731,358,phase 2,358,,
phase 2,275.0568,-398.0329,,Systematic,,,275.0568,-398.0329,359,phase 2,359,,
phase 2,298.6299,-357.203,,Systematic,,,298.6299,-357.203,360,phase 2,360,,
phase 2,298.6299,-275.5432,,Systematic,,,298.6299,-275.5432,361,phase 2,361,,
phase 2,298.6299,-193.8834,,Systematic,,,298.6299,-193.8834,362,phase 2,362,,
phase 2,298.6299,-112.2236,,Systematic,,,298.6299,-112.2236,363,phase 2,363,,
phase 2,298.6299,-30.5639,,Systematic,,,298.6299,-30.5639,364,phase 2,364,,
phase 2,298.6299,51.0959,,Systematic,,,298.6299,51.0959,365,phase 2,365,,
phase 2,298.6299,132.7557,,Systematic,,,298.6299,132.7557,366,phase 2,366,,
phase 2,298.6299,214.4155,,Systematic,,,298.6299,214.4155,367,phase 2,367,,
phase 2,298.6299,296.0752,,Systematic,,,298.6299,296.0752,368,phase 2,368,,
phase 2,298.6299,377.735,,Systematic,,,298.6299,377.735,369,phase 2,369,,
phase 2,322.2031,336.9051,,Systematic,,,322.2031,336.9051,370,phase 2,370,,
phase 2,322.2031,255.2454,,Systematic,,,322.2031,255.2454,371,phase 2,371,,
phase 2,322.2031,173.5856,,Systematic,,,322.2031,173.5856,372,phase 2,372,,
phase 2,322.2031,91.9258,,Systematic,,,322.2031,91.9258,373,phase 2,373,,
phase 2,322.2031,10.266,,Systematic,,,322.2031,10.266,374,phase 2,374,,
phase 2,322.2031,-71.3937,,Systematic,,,322.2031,-71.3937,375,phase 2,375,,
phase 2,322.2031,-153.0535,,Systematic,,,322.2031,-153.0535,376,phase 2,376,,
phase 2,322.2031,-234.7133,,Systematic,,,322.2031,-234.7133,377,phase 2,377,,
phase 2,322.2031,-316.3731,,Systematic,,,322.2031,-316.3731,378,phase 2,378,,
phase 2,345.7762,-357.203,,Systematic,,,345.7762,-357.203,379,phase 2,379,,
phase 2,345.7762,-275.5432,,Systematic,,,345.7762,-275.5432,380,phase 2,380,,
phase 2,345.7762,-193.8834,,Systematic,,,345.7762,-193.8834,381,phase 2,381,,
phase 2,345.7762,-112.2236,,Systematic,,,345.7762,-112.2236,382,phase 2,382,,
phase 2,345.7762,-30.5639,,Systematic,,,345.7762,-30.5639,383,phase 2,383,,
phase 2,345.7762,51.0959,,Systematic,,,345.7762,51.0959,384,phase 2,384,,
phase 2,345.7762,132.7557,,Systematic,,,345.7762,132.7557,385,phase 2,385,,
phase 2,345.7762,214.4155,,Systematic,,,345.7762,214.4155,386,phase 2,386,,
phase 2,345.7762,296.0752,,Systematic,,,345.7762,296.0752,387,phase 2,387,,
phase 2,369.3494,255.2454,,Systematic,,,369.3494,255.2454,388,phase 2,388,,
phase 2,369.3494,173.5856,,Systematic,,,369.3494,173.5856,389,phase 2,389,,
phase 2,369.3494,91.9258,,Systematic,,,369.3494,91.9258,390,phase 2,390,,
phase 2,369.3494,10.266,,Systematic,,,369.3494,10.266,391,phase 2,391,,
phase 2,369.3494,-71.3937,,Systematic,,,369.3494,-71.3937,392,phase 2,392,,
phase 2,369.3494,-153.0535,,Systematic,,,369.3494,-153.0535,393,phase 2,393,,
phase 2,369.3494,-234.7133,,Systematic,,,369.3494,-234.7133,394,phase 2,394,,
phase 2,369.3494,-316.3731,,Systematic,,,369.3494,-316.3731,395,phase 2,395,,
phase 2,392.9225,-275.5432,,Systematic,,,392.9225,-275.5432,396,phase 2,396,,
phase 2,392.9225,-193.8834,,Systematic,,,392.9225,-193.8834,397,phase 2,397,,
phase 2,392.9225,-112.2236,,Systematic,,,392.9225,-112.2236,398,phase 2,398,,
phase 2,392.9225,-30.5639,,Systematic,,,392.9225,-30.5639,399,phase 2,399,,
phase 2,392.9225,51.0959,,Systematic,,,392.9225,51.0959,400,phase 2,400,,
phase 2,392.9225,132.7557,,Systematic,,,392.9225,132.7557,401,phase 2,401,,
phase 2,392.9225,214.4155,,Systematic,,,392.9225,214.4155,402,phase 2,402,,
phase 2,392.9225,296.0752,,Systematic,,,392.9225,296.0752,403,phase 2,403,,
phase 2,416.4957,255.2454,,Systematic,,,416.4957,255.2454,404,phase 2,404,,
phase 2,416.4957,173.5856,,Systematic,,,416.4957,173.5856,405,phase 2,405,,
phase 2,416.4957,91.9258,,Systematic,,,416.4957,91.9258,406,phase 2,406,,
phase 2,416.4957,10.266,,Systematic,,,416.4957,10.266,407,phase 2,407,,
phase 2,416.4957,-71.3937,,Systematic,,,416.4957,-71.3937,408,phase 2,408,,
phase 2,416.4957,-153.0535,,Systematic,,,416.4957,-153.0535,409,phase 2,409,,
phase 2,416.4957,-234.7133,,Systematic,,,416.4957,-234.7133,410,phase 2,410,,
phase 2,440.0688,-193.8834,,Systematic,,,440.0688,-193.8834,411,phase 2,411,,
phase 2,440.0688,-112.2236,,Systematic,,,440.0688,-112.2236,412,phase 2,412,,
phase 2,440.0688,-30.5639,,Systematic,,,440.0688,-30.5639,413,phase 2,413,,
phase 2,440.0688,51.0959,,Systematic,,,440.0688,51.0959,414,phase 2,414,,
phase 2,440.0688,132.7557,,Systematic,,,440.0688,132.7557,415,phase 2,415,,
phase 2,440.0688,214.4155,,Systematic,,,440.0688,214.4155,416,phase 2,416,,
phase 2,463.642,173.5856,,Systematic,,,463.642,173.5856,417,phase 2,417,,
phase 2,463.642,91.9258,,Systematic,,,463.642,91.9258,418,phase 2,418,,
phase 2,463.642,10.266,,Systematic,,,463.642,10.266,419,phase 2,419,,
phase 2,463.642,-71.3937,,Systematic,,,463.642,-71.3937,420,phase 2,420,,
phase 2,463.642,-153.0535,,Systematic,,,463.642,-153.0535,421,phase 2,421,,
phase 2,487.2151,-30.5639,,Systematic,,,487.2151,-30.5639,422,phase 2,422,,
phase 2,487.2151,51.0959,,Systematic,,,487.2151,51.0959,423,phase 2,423,,
Near,1000,500,,,,,1000,500,424,Near,424,,
Near,1000,450,,,,,1000,450,425,Near,425,,
Near,1000,400,,,,,1000,400,426,Near,426,,
Near,1000,350,,,,,1000,350,427,Near,427,,
Near,1000,300,,,,,1000,300,428,Near,428,,
Near,1000,250,,,,,1000,250,429,Near,429,,
Near,1000,200,,,,,1000,200,430,Near,430,,
Near,1000,150,,,,,1000,150,431,Near,431,,
Near,1000,100,,,,,1000,100,432,Near,432,,
Near,1000,50,,,,,1000,50,433,Near,433,,
Near,1000,0,,,,,1000,0,434,Near,434,,
Near,1000,-50,,,,,1000,-50,435,Near,435,,
Near,1000,-100,,,,,1000,-100,436,Near,436,,
Near,1000,-150,,,,,1000,-150,437,Near,437,,
Near,1000,-200,,,,,1000,-200,438,Near,438,,
Near,1000,-250,,,,,1000,-250,439,Near,439,,
Near,1000,-300,,,,,1000,-300,440,Near,440,,
Near,1000,-350,,,,,1000,-350,441,Near,441,,
Near,1000,-400,,,,,1000,-400,442,Near,442,,
Near,1000,-450,,,,,1000,-450,443,Near,443,,
Near,1000,-500,,,,,1000,-500,444,Near,444,,
Near,950,-500,,,,,950,-500,445,Near,445,,
Near,950,-450,,,,,950,-450,446,Near,446,,
Near,950,-400,,,,,950,-400,447,Near,447,,
Near,950,-350,,,,,950,-350,448,Near,448,,
Near,950,-300,,,,,950,-300,449,Near,449,,
Near,950,-250,,,,,950,-250,450,Near,450,,
Near,950,-200,,,,,950,-200,451,Near,451,,
Near,950,-150,,,,,950,-150,452,Near,452,,
Near,950,-100,,,,,950,-100,453,Near,453,,
Near,950,-50,,,,,950,-50,454,Near,454,,
Near,950,0,,,,,950,0,455,Near,455,,
Near,950,50,,,,,950,50,456,Near,456,,
Near,950,100,,,,,950,100,457,Near,457,,
Near,950,150,,,,,950,150,458,Near,458,,
Near,950,200,,,,,950,200,459,Near,459,,
Near,950,250,,,,,950,250,460,Near,460,,
Near,950,300,,,,,950,300,461,Near,461,,
Near,950,350,,,,,950,350,462,Near,462,,
Near,950,400,,,,,950,400,463,Near,463,,
Near,950,450,,,,,950,450,464,Near,464,,
Near,950,500,,,,,950,500,465,Near,465,,
Near,900,500,,,,,900,500,466,Near,466,,
Near,900,450,,,,,900,450,467,Near,467,,
Near,900,400,,,,,900,400,468,Near,468,,
Near,900,350,,,,,900,350,469,Near,469,,
Near,900,300,,,,,900,300,470,Near,470,,
Near,900,250,,,,,900,250,471,Near,471,,
Near,900,200,,,,,900,200,472,Near,472,,
Near,900,150,,,,,900,150,473,Near,473,,
Near,900,100,,,,,900,100,474,Near,474,,
Near,900,50,,,,,900,50,475,Near,475,,
Near,900,0,,,,,900,0,476,Near,476,,
Near,900,-50,,,,,900,-50,477,Near,477,,
Near,900,-100,,,,,900,-100,478,Near,478,,
Near,900,-150,,,,,900,-150,479,Near,479,,
Near,900,-200,,,,,900,-200,480,Near,480,,
Near,900,-250,,,,,900,-250,481,Near,481,,
Near,900,-300,,,,,900,-300,482,Near,482,,
Near,900,-350,,,,,900,-350,483,Near,483,,
Near,900,-400,,,,,900,-400,484,Near,484,,
Near,900,-450,,,,,900,-450,485,Near,485,,
Near,900,-500,,,,,900,-500,486,Near,486,,
Near,850,-500,,,,,850,-500,487,Near,487,,
Near,850,-450,,,,,850,-450,488,Near,488,,
Near,850,-400,,,,,850,-400,489,Near,489,,
Near,850,-350,,,,,850,-350,490,Near,490,,
Near,850,-300,,,,,850,-300,491,Near,491,,
Near,850,-250,,,,,850,-250,492,Near,492,,
Near,850,-200,,,,,850,-200,493,Near,493,,
Near,850,-150,,,,,850,-150,494,Near,494,,
Near,850,-100,,,,,850,-100,495,Near,495,,
Near,850,-50,,,,,850,-50,496,Near,496,,
Near,850,0,,,,,850,0,497,Near,497,,
Near,850,50,,,,,850,50,498,Near,498,,
Near,850,100,,,,,850,100,499,Near,499,,
Near,850,150,,,,,850,150,500,Near,500,,
Near,850,200,,,,,850,200,501,Near,501,,
Near,850,250,,,,,850,250,502,Near,502,,
Near,850,300,,,,,850,300,503,Near,503,,
Near,850,350,,,,,850,350,504,Near,504,,
Near,850,400,,,,,850,400,505,Near,505,,
Near,850,450,,,,,850,450,506,Near,506,,
Near,850,500,,,,,850,500,507,Near,507,,
Near,800,500,,,,,800,500,508,Near,508,,
Near,800,450,,,,,800,450,509,Near,509,,
Near,800,400,,,,,800,400,510,Near,510,,
Near,800,350,,,,,800,350,511,Near,511,,
Near,800,300,,,,,800,300,512,Near,512,,
Near,800,250,,,,,800,250,513,Near,513,,
Near,800,200,,,,,800,200,514,Near,514,,
Near,800,150,,,,,800,150,515,Near,515,,
Near,800,100,,,,,800,100,516,Near,516,,
Near,800,50,,,,,800,50,517,Near,517,,
Near,800,0,,,,,800,0,518,Near,518,,
Near,800,-50,,,,,800,-50,519,Near,519,,
Near,800,-100,,,,,800,-100,520,Near,520,,
Near,800,-150,,,,,800,-150,521,Near,521,,
Near,800,-200,,,,,800,-200,522,Near,522,,
Near,800,-250,,,,,800,-250,523,Near,523,,
Near,800,-300,,,,,800,-300,524,Near,524,,
Near,800,-350,,,,,800,-350,525,Near,525,,
Near,800,-400,,,,,800,-400,526,Near,526,,
Near,800,-450,,,,,800,-450,527,Near,527,,
Near,800,-500,,,,,800,-500,528,Near,528,,
Near,750,-500,,,,,750,-500,529,Near,529,,
Near,750,-450,,,,,750,-450,530,Near,530,,
Near,750,-400,,,,,750,-400,531,Near,531,,
Near,750,-350,,,,,750,-350,532,Near,532,,
Near,750,-300,,,,,750,-300,533,Near,533,,
Near,750,-250,,,,,750,-250,534,Near,534,,
Near,750,-200,,,,,750,-200,535,Near,535,,
Near,750,-150,,,,,750,-150,536,Near,536,,
Near,750,-100,,,,,750,-100,537,Near,537,,
Near,750,-50,,,,,750,-50,538,Near,538,,
Near,750,0,,,,,750,0,539,Near,539,,
Near,750,50,,,,,750,50,540,Near,540,,
Near,750,100,,,,,750,100,541,Near,541,,
Near,750,150,,,,,750,150,542,Near,542,,
Near,750,200,,,,,750,200,543,Near,543,,
Near,750,250,,,,,750,250,544,Near,544,,
Near,750,300,,,,,750,300,545,Near,545,,
Near,750,350,,,,,750,350,546,Near,546,,
Near,750,400,,,,,750,400,547,Near,547,,
Near,750,450,,,,,750,450,548,Near,548,,
Near,750,500,,,,,750,500,549,Near,549,,
Near,700,500,,,,,700,500,550,Near,550,,
Near,700,450,,,,,700,450,551,Near,551,,
Near,700,400,,,,,700,400,552,Near,552,,
Near,700,350,,,,,700,350,553,Near,553,,
Near,700,300,,,,,700,300,554,Near,554,,
Near,700,250,,,,,700,250,555,Near,555,,
Near,700,200,,,,,700,200,556,Near,556,,
Near,700,150,,,,,700,150,557,Near,557,,
Near,700,100,,,,,700,100,558,Near,558,,
Near,700,50,,,,,700,50,559,Near,559,,
Near,700,0,,,,,700,0,560,Near,560,,
Near,700,-50,,,,,700,-50,561,Near,561,,
Near,700,-100,,,,,700,-100,562,Near,562,,
Near,700,-150,,,,,700,-150,563,Near,563,,
Near,700,-200,,,,,700,-200,564,Near,564,,
Near,700,-250,,,,,700,-250,565,Near,565,,
Near,700,-300,,,,,700,-300,566,Near,566,,
Near,700,-350,,,,,700,-350,567,Near,567,,
Near,700,-400,,,,,700,-400,568,Near,568,,
Near,700,-450,,,,,700,-450,569,Near,569,,
Near,700,-500,,,,,700,-500,570,Near,570,,
Near,650,-500,,,,,650,-500,571,Near,571,,
Near,650,-450,,,,,650,-450,572,Near,572,,
Near,650,-400,,,,,650,-400,573,Near,573,,
Near,650,-350,,,,,650,-350,574,Near,574,,
Near,650,-300,,,,,650,-300,575,Near,575,,
Near,650,-250,,,,,650,-250,576,Near,576,,
Near,650,-200,,,,,650,-200,577,Near,577,,
Near,650,-150,,,,,650,-150,578,Near,578,,
Near,650,-100,,,,,650,-100,579,Near,579,,
Near,650,-50,,,,,650,-50,580,Near,580,,
Near,650,0,,,,,650,0,581,Near,581,,
Near,650,50,,,,,650,50,582,Near,582,,
Near,650,100,,,,,650,100,583,Near,583,,
Near,650,150,,,,,650,150,584,Near,584,,
Near,650,200,,,,,650,200,585,Near,585,,
Near,650,250,,,,,650,250,586,Near,586,,
Near,650,300,,,,,650,300,587,Near,587,,
Near,650,350,,,,,650,350,588,Near,588,,
Near,650,400,,,,,650,400,589,Near,589,,
Near,650,450,,,,,650,450,590,Near,590,,
Near,650,500,,,,,650,500,591,Near,591,,
Near,600,500,,,,,600,500,592,Near,592,,
Near,600,450,,,,,600,450,593,Near,593,,
Near,600,400,,,,,600,400,594,Near,594,,
Near,600,350,,,,,600,350,595,Near,595,,
Near,600,300,,,,,600,300,596,Near,596,,
Near,600,250,,,,,600,250,597,Near,597,,
Near,600,200,,,,,600,200,598,Near,598,,
Near,600,150,,,,,600,150,599,Near,599,,
Near,600,100,,,,,600,100,600,Near,600,,
Near,600,50,,,,,600,50,601,Near,601,,
Near,600,0,,,,,600,0,602,Near,602,,
Near,600,-50,,,,,600,-50,603,Near,603,,
Near,600,-100,,,,,600,-100,604,Near,604,,
Near,600,-150,,,,,600,-150,605,Near,605,,
Near,600,-200,,,,,600,-200,606,Near,606,,
Near,600,-250,,,,,600,-250,607,Near,607,,
Near,600,-300,,,,,600,-300,608,Near,608,,
Near,600,-350,,,,,600,-350,609,Near,609,,
Near,600,-400,,,,,600,-400,610,Near,610,,
Near,600,-450,,,,,600,-450,611,Near,611,,
Near,600,-500,,,,,600,-500,612,Near,612,,
Near,550,-500,,,,,550,-500,613,Near,613,,
Near,550,-450,,,,,550,-450,614,Near,614,,
Near,550,-400,,,,,550,-400,615,Near,615,,
Near,550,-350,,,,,550,-350,616,Near,616,,
Near,550,-300,,,,,550,-300,617,Near,617,,
Near,550,-250,,,,,550,-250,618,Near,618,,
Near,550,-200,,,,,550,-200,619,Near,619,,
Near,550,-150,,,,,550,-150,620,Near,620,,
Near,550,-100,,,,,550,-100,621,Near,621,,
Near,550,-50,,,,,550,-50,622,Near,622,,
Near,550,0,,,,,550,0,623,Near,623,,
Near,550,50,,,,,550,50,624,Near,624,,
Near,550,100,,,,,550,100,625,Near,625,,
Near,550,150,,,,,550,150,626,Near,626,,
Near,550,200,,,,,550,200,627,Near,627,,
Near,550,250,,,,,550,250,628,Near,628,,
Near,550,300,,,,,550,300,629,Near,629,,
Near,550,350,,,,,550,350,630,Near,630,,
Near,550,400,,,,,550,400,631,Near,631,,
Near,550,450,,,,,550,450,632,Near,632,,
Near,550,500,,,,,550,500,633,Near,633,,
Near,500,500,,,,,500,500,634,Near,634,,
Near,500,450,,,,,500,450,635,Near,635,,
Near,500,400,,,,,500,400,636,Near,636,,
Near,500,350,,,,,500,350,637,Near,637,,
Near,500,300,,,,,500,300,638,Near,638,,
Near,500,250,,,,,500,250,639,Near,639,,
Near,500,200,,,,,500,200,640,Near,640,,
Near,500,150,,,,,500,150,641,Near,641,,
Near,500,100,,,,,500,100,642,Near,642,,
Near,500,50,,,,,500,50,643,Near,643,,
Near,500,-50,,,,,500,-50,644,Near,644,,
Near,500,-100,,,,,500,-100,645,Near,645,,
Near,500,-150,,,,,500,-150,646,Near,646,,
Near,500,-200,,,,,500,-200,647,Near,647,,
Near,500,-250,,,,,500,-250,648,Near,648,,
Near,500,-300,,,,,500,-300,649,Near,649,,
Near,500,-350,,,,,500,-350,650,Near,650,,
Near,500,-400,,,,,500,-400,651,Near,651,,
Near,500,-450,,,,,500,-450,652,Near,652,,
Near,500,-500,,,,,500,-500,653,Near,653,,
Near,450,-500,,,,,450,-500,654,Near,654,,
Near,450,-450,,,,,450,-450,655,Near,655,,
Near,450,-400,,,,,450,-400,656,Near,656,,
Near,450,-350,,,,,450,-350,657,Near,657,,
Near,450,-300,,,,,450,-300,658,Near,658,,
Near,450,-250,,,,,450,-250,659,Near,659,,
Near,450,250,,,,,450,250,660,Near,660,,
Near,450,300,,,,,450,300,661,Near,661,,
Near,450,350,,,,,450,350,662,Near,662,,
Near,450,400,,,,,450,400,663,Near,663,,
Near,450,450,,,,,450,450,664,Near,664,,
Near,450,500,,,,,450,500,665,Near,665,,
Near,400,500,,,,,400,500,666,Near,666,,
Near,400,450,,,,,400,450,667,Near,667,,
Near,400,400,,,,,400,400,668,Near,668,,
Near,400,350,,,,,400,350,669,Near,669,,
Near,400,-350,,,,,400,-350,670,Near,670,,
Near,400,-400,,,,,400,-400,671,Near,671,,
Near,400,-450,,,,,400,-450,672,Near,672,,
Near,400,-500,,,,,400,-500,673,Near,673,,
Near,350,-500,,,,,350,-500,674,Near,674,,
Near,350,-450,,,,,350,-450,675,Near,675,,
Near,350,-400,,,,,350,-400,676,Near,676,,
Near,350,400,,,,,350,400,677,Near,677,,
Near,350,450,,,,,350,450,678,Near,678,,
Near,350,500,,,,,350,500,679,Near,679,,
Near,300,500,,,,,300,500,680,Near,680,,
Near,300,450,,,,,300,450,681,Near,681,,
Near,300,-450,,,,,300,-450,682,Near,682,,
Near,300,-500,,,,,300,-500,683,Near,683,,
Near,250,-500,,,,,250,-500,684,Near,684,,
Near,250,-450,,,,,250,-450,685,Near,685,,
Near,250,450,,,,,250,450,686,Near,686,,
Near,250,500,,,,,250,500,687,Near,687,,
Near,200,500,,,,,200,500,688,Near,688,,
